Bin,Count,Count (%),Non-event,Event,Event rate,WoE,IV,JS,Feature
"(-997.0, 684.50)",1327,0.09519368723098996,1145,182,0.13715146948003015,-1.6058500899543888,0.5419992520794743,0.06129610093685588,OPTIN_11SCN_ML
"[684.50, 760.50)",1100,0.07890961262553801,1001,99,0.09,-1.1313683896853028,0.17604049930780824,0.020901781116871236,OPTIN_11SCN_ML
"[760.50, 814.50)",845,0.06061692969870875,796,49,0.05798816568047337,-0.6572244311321769,0.03599316846824324,0.0044198812805109865,OPTIN_11SCN_ML
"[814.50, 859.50)",699,0.05014347202295552,676,23,0.032904148783977114,-0.06430445875211932,0.00021371944033740393,2.6710328163203527e-05,OPTIN_11SCN_ML
"[859.50, 955.50)",1661,0.11915351506456241,1627,34,0.020469596628537028,0.4231292637369428,0.017581831396606493,0.0021814793885307545,OPTIN_11SCN_ML
"[955.50, 1025.50)",1469,0.10538020086083214,1449,20,0.013614703880190605,0.8378933499007584,0.05099260829816896,0.00619392582560567,OPTIN_11SCN_ML
"[1025.50, 1103.50)",2100,0.15064562410329985,2084,16,0.007619047619047619,1.4244523617675426,0.16686683877280575,0.01925640867818498,OPTIN_11SCN_ML
"[1103.50, 1132.50)",824,0.059110473457675755,822,2,0.0024271844660194173,2.5735898956303016,0.1446562176051327,0.014318956894415478,OPTIN_11SCN_ML
"[1132.50, inf)",3867,0.277403156384505,3861,6,0.0015515903801396431,3.021918708170248,0.8216244813375608,0.07571707822680193,OPTIN_11SCN_ML
-998.0,48,0.003443328550932568,48,0,0.0,0.0,0.0,0.0,OPTIN_11SCN_ML
-997.0,0,0.0,0,0,0.0,0.0,0.0,0.0,OPTIN_11SCN_ML
"(-1.0, 0.50)",2477,0.17769010043041608,2473,4,0.0016148566814695195,2.9818895875355924,0.5181999309367142,0.04806817763533408,G5_ND_SPECII
"[0.50, 1.50)",3062,0.21965566714490675,3047,15,0.004898758981058132,1.8688592590175652,0.35648593263485706,0.03903206638495173,G5_ND_SPECII
"[1.50, 2.50)",1150,0.0824964131994261,1142,8,0.006956521739130435,1.5160915296701862,0.10002375992566072,0.011428197039698166,G5_ND_SPECII
"[2.50, 5.00)",939,0.06736011477761837,928,11,0.011714589989350373,0.9901331411218965,0.04274692141316635,0.0051352644078179865,G5_ND_SPECII
"[5.00, 14.00)",1303,0.09347202295552368,1261,42,0.03223330775134305,-0.043012601184382326,0.00017646429483400824,2.2056336627450856e-05,G5_ND_SPECII
"[14.00, 40.00)",1818,0.130416068866571,1708,110,0.06050605060506051,-0.7024053103098344,0.09046010276784577,0.011080648789958358,G5_ND_SPECII
"[40.00, inf)",1212,0.08694404591104735,1114,98,0.08085808580858085,-1.0142583770492761,0.14698089511496462,0.017623500934459593,G5_ND_SPECII
-2.0,1217,0.08730272596843615,1158,59,0.04847986852917009,-0.4680911046387126,0.023952371887561004,0.002967008168089579,G5_ND_SPECII
-1.0,41,0.0029411764705882353,41,0,0.0,0.0,0.0,0.0,G5_ND_SPECII
-3.0,721,0.05172166427546628,637,84,0.11650485436893204,-1.4190504621370836,0.20965312958577217,0.02420779834960397,G5_ND_SPECII
['I' 'P' 'D' 'M'],3341,0.2396700143472023,3330,11,0.0032924274169410356,2.2678289913101857,0.5011455082052224,0.05193670038953442,Marital_Status
['O' 'C'],814,0.05839311334289814,810,4,0.004914004914004914,1.8657365676806608,0.09455419373623791,0.010357032549667286,Marital_Status
['S' 'W' 'X'],2552,0.1830703012912482,2533,19,0.007445141065830721,1.4477173519693016,0.20763321491037753,0.023901356241886756,Marital_Status
['Q'],7233,0.5188665710186514,6836,397,0.054887321996405364,-0.5989815553176423,0.24862566773561107,0.030621793964045393,Marital_Status
Special,0,0.0,0,0,0.0,0.0,0.0,0.0,Marital_Status
"(-1.0, 460.00)",892,0.06398852223816356,815,77,0.08632286995515695,-1.0856206274787548,0.12845512936338968,0.01531210315307368,SP_F2_33
"[460.00, 1175.00)",949,0.06807747489239599,885,64,0.06743940990516333,-0.8182987572176756,0.06790242955000096,0.008258644407485787,SP_F2_33
"[1175.00, 1710.00)",829,0.059469153515064564,801,28,0.033775633293124246,-0.09134688197277807,0.0005180640747747801,6.473550385265622e-05,SP_F2_33
"[1710.00, 3275.00)",1602,0.11492109038737446,1564,38,0.02372034956304619,0.27241244251293706,0.0075206579362859325,0.00093718622924984,SP_F2_33
"[3275.00, 4675.00)",1295,0.09289813486370158,1274,21,0.016216216216216217,0.6603910795427526,0.03010300333695971,0.003695955318346081,SP_F2_33
"[4675.00, 7025.00)",1969,0.14124820659971304,1957,12,0.006094464195022855,1.6492579987421427,0.19300302861853333,0.02171616542939621,SP_F2_33
"[7025.00, 11325.00)",2244,0.16097560975609757,2231,13,0.005793226381461676,1.7002525181050627,0.22951155620229546,0.025666505727651254,SP_F2_33
"[11325.00, inf)",1595,0.11441893830703014,1591,4,0.0025078369905956114,2.5408203483519625,0.2756601900612636,0.027424654561144873,SP_F2_33
-2.0,2524,0.18106169296987087,2350,174,0.06893819334389857,-0.8418880109422577,0.19342730221540602,0.02348875063900044,SP_F2_33
-1.0,41,0.0029411764705882353,41,0,0.0,0.0,0.0,0.0,SP_F2_33
"(-1.0, 1520.50)",1313,0.0941893830703013,1181,132,0.10053313023610053,-1.2536884252549418,0.274358807048814,0.0322118013260203,AFF_B_09_01
"[1520.50, 1682.50)",1210,0.08680057388809183,1136,74,0.06115702479338843,-0.7137998127890066,0.0625300404719502,0.007654434419309349,AFF_B_09_01
"[1682.50, 1858.50)",1029,0.07381635581061693,985,44,0.042759961127308066,-0.33655131161210594,0.009818485251774896,0.0012215510315762403,AFF_B_09_01
"[1858.50, 2589.50)",2322,0.16657101865136298,2242,80,0.034453057708871665,-0.11190634990770976,0.0021991183919391646,0.0002747464531814422,AFF_B_09_01
"[2589.50, 3191.50)",2189,0.15703012912482067,2128,61,0.027866605756052994,0.10706066742229048,0.0017122523782282534,0.0002139293880440347,AFF_B_09_01
"[3191.50, 3405.50)",997,0.07152080344332855,983,14,0.014042126379137413,0.8065484716659741,0.03249076097310727,0.003954722634282844,AFF_B_09_01
"[3405.50, 3560.50)",697,0.05,690,7,0.010043041606886656,1.1457781296700587,0.03991405243571209,0.004733086424395445,AFF_B_09_01
"[3560.50, 3950.50)",1401,0.10050215208034434,1390,11,0.007851534618129907,1.3941604344604333,0.10786943417467587,0.012487874561531272,AFF_B_09_01
"[3950.50, inf)",2741,0.1966284074605452,2733,8,0.002918642831083546,2.3887103253822985,0.4389209514393648,0.04468503679728754,AFF_B_09_01
-1.0,41,0.0029411764705882353,41,0,0.0,0.0,0.0,0.0,AFF_B_09_01
"(-1.0, inf)",465,0.03335724533715925,457,8,0.017204301075268817,0.6002385303484354,0.009164330277249924,0.0011286484328679736,TRD_A_20
-2.0,7457,0.53493543758967,7079,378,0.050690626257207994,-0.515009580711332,0.18180308886518343,0.022477521640913295,TRD_A_20
-3.0,5977,0.4287661406025825,5932,45,0.0075288606324242936,1.4364508946215695,0.48078918077591387,0.05541213748886999,TRD_A_20
-1.0,41,0.0029411764705882353,41,0,0.0,0.0,0.0,0.0,TRD_A_20
"(-1.0, 1.50)",1952,0.1400286944045911,1812,140,0.07172131147540983,-0.8844592548723131,0.16866035295429424,0.02042116957578985,TRD_A_08
"[1.50, 2.50)",2151,0.1543041606886657,2056,95,0.04416550441655044,-0.3703625838914184,0.025267172612907098,0.003140468130276774,TRD_A_08
"[2.50, 3.50)",2205,0.15817790530846484,2146,59,0.026757369614512472,0.1488201604189907,0.003268999564746096,0.0004082482794813035,TRD_A_08
"[3.50, 4.50)",1955,0.1402439024390244,1931,24,0.012276214833759591,0.9427361332146349,0.08226059808182005,0.00991795246796565,TRD_A_08
"[4.50, 5.50)",1577,0.11312769010043042,1565,12,0.007609384908053266,1.42573113432032,0.125473558719498,0.014477663947171706,TRD_A_08
"[5.50, 6.50)",1142,0.08192252510760402,1134,8,0.0070052539404553416,1.5090616237419283,0.09866630067354333,0.011281919190496453,TRD_A_08
"[6.50, 8.50)",1282,0.09196556671449067,1275,7,0.00546021840873635,1.7597879896712794,0.13751022792518744,0.015265920707112217,TRD_A_08
"[8.50, inf)",838,0.060114777618364416,835,3,0.003579952267303103,2.1838161173168125,0.11978250601585068,0.012564724518095368,TRD_A_08
-2.0,797,0.057173601147776185,714,83,0.10414052697616061,-1.2929609643229472,0.1806547723824323,0.021129629647055122,TRD_A_08
-1.0,41,0.0029411764705882353,41,0,0.0,0.0,0.0,0.0,TRD_A_08
"(-1.0, 16.50)",2338,0.16771879483500718,2195,143,0.0611633875106929,-0.7139106236165689,0.12086669142373656,0.014795452446716262,VM01_SP_VM2_15
"[16.50, 40.50)",2462,0.17661406025824963,2382,80,0.03249390739236393,-0.05133420362456942,0.00047678982484813926,5.959218502665266e-05,VM01_SP_VM2_15
"[40.50, 59.50)",1591,0.11413199426111909,1558,33,0.020741671904462602,0.4096473460982799,0.01587973157737204,0.001971202734721296,VM01_SP_VM2_15
"[59.50, 92.50)",1840,0.13199426111908177,1818,22,0.011956521739130435,0.9694465025131747,0.08098064398801721,0.009743923955137864,VM01_SP_VM2_15
"[92.50, inf)",3962,0.2842180774748924,3949,13,0.003281171125694094,2.2712649849591795,0.5954376064443179,0.06167793339031943,VM01_SP_VM2_15
-2.0,1706,0.12238163558106169,1566,140,0.08206330597889801,-1.0303658649244896,0.2152467963060744,0.025775448808340234,VM01_SP_VM2_15
-1.0,41,0.0029411764705882353,41,0,0.0,0.0,0.0,0.0,VM01_SP_VM2_15
['1A' 'T' 'MB' 'M' 'UA' '5A' 'UB' '2A' '2B' '3A' 'BB'],2153,0.15444763271162124,2138,15,0.006967022758941012,1.5145725716168466,0.18699227430896703,0.021368384344194136,GEN11_SP_N_92
['GB' 'IB'],1829,0.1312051649928264,1813,16,0.008747949699289229,1.2851461696491366,0.1247669446990141,0.014604086755846409,GEN11_SP_N_92
['3B' '1B' 'FB' '4B' '5B' '6B'],1510,0.10832137733142037,1493,17,0.011258278145695364,1.0303261346170407,0.07323121086562212,0.008769344879426894,GEN11_SP_N_92
['JB'],824,0.059110473457675755,810,14,0.01699029126213592,0.6129735991852927,0.016842937962654066,0.0020730132982120656,GEN11_SP_N_92
['SB' 'PB'],1434,0.10286944045911048,1406,28,0.019525801952580194,0.47129624332947273,0.01843407629053247,0.0022831676639051227,GEN11_SP_N_92
['B' 'IA'],838,0.060114777618364416,817,21,0.025059665871121718,0.2161133382706466,0.002540261402524037,0.0003169161832529276,GEN11_SP_N_92
['F' 'G'],1850,0.1327116212338594,1763,87,0.047027027027027025,-0.43613925512264684,0.03111877992751781,0.003859307885273642,GEN11_SP_N_92
['P'],1063,0.07625538020086083,1006,57,0.053621825023518345,-0.5743172360407991,0.03318503051235552,0.0040920435447262034,GEN11_SP_N_92
['PA' 'S' 'I'],757,0.05430416068866571,710,47,0.062087186261558784,-0.729885950540631,0.041232111075244424,0.005042572078657014,GEN11_SP_N_92
['SA' 'J' 'AA'],970,0.06958393113342898,903,67,0.06907216494845361,-0.8439733848399142,0.07478288668133082,0.009079946283137637,GEN11_SP_N_92
['JA' '6A' 'GA' 'A' 'U' '4A' 'FA'],712,0.05107604017216643,650,62,0.08707865168539326,-1.0951653410213424,0.10484613289654011,0.012487731287505442,GEN11_SP_N_92
Special,0,0.0,0,0,0.0,0.0,0.0,0.0,GEN11_SP_N_92
"(-1.0, 1.50)",5416,0.38852223816355813,5125,291,0.053729689807976364,-0.5764407820308168,0.1705096281447639,0.021023428867913113,SP_EDI_24
"[1.50, 4.50)",6634,0.475896700143472,6504,130,0.019596020500452217,0.4676348819061307,0.08409603250481316,0.01041725633017479,SP_EDI_24
"[4.50, inf)",1849,0.13263988522238163,1839,10,0.005408328826392645,1.7693888127443422,0.19981639167887333,0.022156446365228084,SP_EDI_24
-1.0,41,0.0029411764705882353,41,0,0.0,0.0,0.0,0.0,SP_EDI_24
"(-1.0, 94.50)",1554,0.1114777618364419,1418,136,0.08751608751608751,-1.1006554975099125,0.2317740365596242,0.027592564894281572,SP_G_37
"[94.50, 122.50)",1275,0.09146341463414634,1193,82,0.06431372549019608,-0.7674961440322705,0.07824141536836993,0.009546988747885697,SP_G_37
"[122.50, 143.50)",1133,0.08127690100430417,1081,52,0.04589585172109444,-0.41060521980815246,0.016682448700463696,0.0020707794877115517,SP_G_37
"[143.50, 159.50)",936,0.06714490674318507,906,30,0.03205128205128205,-0.037161394485109245,9.43590336643935e-05,1.1794200573024527e-05,SP_G_37
"[159.50, 206.50)",3134,0.2248206599713056,3067,67,0.021378430121250798,0.378759225857352,0.02711211303789601,0.0033689007014453334,SP_G_37
"[206.50, 269.50)",3113,0.2233142037302726,3065,48,0.015419209765499518,0.711598518596487,0.08220163380521628,0.010063753545039134,SP_G_37
"[269.50, inf)",2741,0.1966284074605452,2725,16,0.005837285662167092,1.6926316659916294,0.2785976998579832,0.03118461936266273,SP_G_37
-1.0,41,0.0029411764705882353,41,0,0.0,0.0,0.0,0.0,SP_G_37
-2.0,13,0.0009325681492109039,13,0,0.0,0.0,0.0,0.0,SP_G_37
[2],8286,0.5944045911047345,8180,106,0.012792662321988897,0.9010050166187922,0.32398569878799294,0.03918163827702861,E4_Q_17
[6],2744,0.19684361549497847,2648,96,0.03498542274052478,-0.12779159327687095,0.003414635995980765,0.0004265393022399276,E4_Q_17
[1 5 4 7 8 3],2910,0.20875179340028693,2681,229,0.07869415807560137,-0.9847801841842139,0.327796118383605,0.03939515305276698,E4_Q_17
Special,0,0.0,0,0,0.0,0.0,0.0,0.0,E4_Q_17
"(-999996.0, 39.50)",1652,0.11850789096126256,1644,8,0.004842615012106538,1.8804427150703562,0.19393976360144677,0.021202823050129858,TRD_C_07
"[39.50, 61.50)",1338,0.09598278335724533,1327,11,0.008221225710014948,1.347777442667903,0.09799523648737826,0.011399070218403338,TRD_C_07
"[61.50, 85.50)",1488,0.10674318507890962,1465,23,0.015456989247311828,0.7091129866560841,0.03905932742002875,0.0047826255311078526,TRD_C_07
"[85.50, inf)",1044,0.07489239598278336,1002,42,0.040229885057471264,-0.2729196555044915,0.006352211018098733,0.0007915712199570452,TRD_C_07
-999997.0,6625,0.4752510760401722,6421,204,0.03079245283018868,0.004205835083898712,8.39017427403523e-06,1.0487710112118192e-06,TRD_C_07
-999998.0,1752,0.12568149210903873,1609,143,0.08162100456621005,-1.0244798021334574,0.217887144553846,0.026104016513353263,TRD_C_07
-999999.0,41,0.0029411764705882353,41,0,0.0,0.0,0.0,0.0,TRD_C_07
-999996.0,0,0.0,0,0,0.0,0.0,0.0,0.0,TRD_C_07
"(-1.0, 222.50)",3830,0.2747489239598278,3773,57,0.014882506527415143,0.7475711332638273,0.10992637644231425,0.013429511334646715,TRD_B_20
"[222.50, 868.50)",982,0.07044476327116213,967,15,0.015274949083503055,0.7211449754851511,0.026523080572450047,0.0032453623304638125,TRD_B_20
"[868.50, inf)",745,0.05344332855093257,719,26,0.0348993288590604,-0.12523849916636864,0.0008893247499060983,0.00011109300079199217,TRD_B_20
-95.0,43,0.003084648493543759,43,0,0.0,0.0,0.0,0.0,TRD_B_20
-100.0,848,0.060832137733142035,838,10,0.01179245283018868,0.9834296886221034,0.03818742329229928,0.004589917414495829,TRD_B_20
-27.0,36,0.002582496413199426,36,0,0.0,0.0,0.0,0.0,TRD_B_20
-999996.0,1536,0.11018651362984218,1474,62,0.040364583333333336,-0.27640263116174335,0.009601968849725999,0.0011964399373883515,TRD_B_20
-999997.0,398,0.02855093256814921,338,60,0.1507537688442211,-1.7163019856050152,0.19598586260930828,0.021874534411885617,TRD_B_20
-999998.0,1904,0.13658536585365855,1747,157,0.08245798319327731,-1.035593814080185,0.2433106418413974,0.02912370575491112,TRD_B_20
-66.0,37,0.002654232424677188,37,0,0.0,0.0,0.0,0.0,TRD_B_20
-87.0,32,0.0022955523672883787,31,1,0.03125,-0.0110161143807872,2.8002040546595936e-07,3.500237369583472e-08,TRD_B_20
-33.0,43,0.003084648493543759,41,2,0.046511627906976744,-0.4245784327215709,0.000681600186220877,8.456578874578655e-05,TRD_B_20
-39.0,30,0.002152080344332855,30,0,0.0,0.0,0.0,0.0,TRD_B_20
-999999.0,41,0.0029411764705882353,41,0,0.0,0.0,0.0,0.0,TRD_B_20
-82.0,33,0.002367288378766141,33,0,0.0,0.0,0.0,0.0,TRD_B_20
-69.0,36,0.002582496413199426,36,0,0.0,0.0,0.0,0.0,TRD_B_20
-62.0,34,0.0024390243902439024,34,0,0.0,0.0,0.0,0.0,TRD_B_20
-54.0,37,0.002654232424677188,36,1,0.02702702702702703,0.13851561959017644,4.7746951635660335e-05,5.963602169986303e-06,TRD_B_20
-67.0,38,0.00272596843615495,36,2,0.05263157894736842,-0.554631560969769,0.0010956641974482044,0.00013522915003983017,TRD_B_20
-97.0,33,0.002367288378766141,32,1,0.030303030303030304,0.02073258393379307,1.0077188814509443e-06,1.2596260419901422e-07,TRD_B_20
-70.0,49,0.00351506456241033,49,0,0.0,0.0,0.0,0.0,TRD_B_20
-76.0,42,0.0030129124820659973,42,0,0.0,0.0,0.0,0.0,TRD_B_20
-6.0,31,0.002223816355810617,31,0,0.0,0.0,0.0,0.0,TRD_B_20
-9.0,40,0.0028694404591104736,37,3,0.075,-0.9326976948898187,0.003937515805891671,0.00047509071699529577,TRD_B_20
-35.0,44,0.0031563845050215206,43,1,0.022727272727272728,0.3161967968276289,0.000272839110484221,3.396351939739388e-05,TRD_B_20
-1.0,37,0.002654232424677188,36,1,0.02702702702702703,0.13851561959017644,4.7746951635660335e-05,5.963602169986303e-06,TRD_B_20
-79.0,34,0.0024390243902439024,34,0,0.0,0.0,0.0,0.0,TRD_B_20
-29.0,40,0.0028694404591104736,40,0,0.0,0.0,0.0,0.0,TRD_B_20
-7.0,35,0.002510760401721664,35,0,0.0,0.0,0.0,0.0,TRD_B_20
-24.0,34,0.0024390243902439024,33,1,0.029411764705882353,0.05150424260054676,6.3159799828885145e-06,7.894102473600348e-07,TRD_B_20
-78.0,43,0.003084648493543759,42,1,0.023255813953488372,0.29266629941743494,0.00023087063092668456,2.8756273713472576e-05,TRD_B_20
-30.0,40,0.0028694404591104736,38,2,0.05,-0.5005643396994932,0.0009147471462099264,0.00011316438400101774,TRD_B_20
-22.0,39,0.0027977044476327115,39,0,0.0,0.0,0.0,0.0,TRD_B_20
-23.0,39,0.0027977044476327115,39,0,0.0,0.0,0.0,0.0,TRD_B_20
-47.0,32,0.0022955523672883787,32,0,0.0,0.0,0.0,0.0,TRD_B_20
-99.0,57,0.004088952654232425,57,0,0.0,0.0,0.0,0.0,TRD_B_20
-53.0,33,0.002367288378766141,33,0,0.0,0.0,0.0,0.0,TRD_B_20
-55.0,29,0.0020803443328550933,29,0,0.0,0.0,0.0,0.0,TRD_B_20
-73.0,39,0.0027977044476327115,39,0,0.0,0.0,0.0,0.0,TRD_B_20
-13.0,43,0.003084648493543759,42,1,0.023255813953488372,0.29266629941743494,0.00023087063092668456,2.8756273713472576e-05,TRD_B_20
-37.0,29,0.0020803443328550933,28,1,0.034482758620689655,-0.11279880869072967,2.791695341772515e-05,3.4877703359299485e-06,TRD_B_20
-58.0,32,0.0022955523672883787,31,1,0.03125,-0.0110161143807872,2.8002040546595936e-07,3.500237369583472e-08,TRD_B_20
-60.0,43,0.003084648493543759,43,0,0.0,0.0,0.0,0.0,TRD_B_20
-57.0,32,0.0022955523672883787,32,0,0.0,0.0,0.0,0.0,TRD_B_20
-65.0,35,0.002510760401721664,33,2,0.05714285714285714,-0.6416429379593986,0.001410045857748268,0.0001732930708467417,TRD_B_20
-96.0,45,0.0032281205164992827,45,0,0.0,0.0,0.0,0.0,TRD_B_20
-41.0,32,0.0022955523672883787,32,0,0.0,0.0,0.0,0.0,TRD_B_20
-38.0,39,0.0027977044476327115,38,1,0.02564102564102564,0.1925828408604522,9.489594724572856e-05,1.1843696522871879e-05,TRD_B_20
-91.0,44,0.0031563845050215206,44,0,0.0,0.0,0.0,0.0,TRD_B_20
-12.0,36,0.002582496413199426,36,0,0.0,0.0,0.0,0.0,TRD_B_20
-59.0,41,0.0029411764705882353,40,1,0.024390243902439025,0.24387613524800278,0.00015627664578521917,1.9486314629212314e-05,TRD_B_20
-86.0,40,0.0028694404591104736,40,0,0.0,0.0,0.0,0.0,TRD_B_20
-15.0,38,0.00272596843615495,38,0,0.0,0.0,0.0,0.0,TRD_B_20
-90.0,46,0.0032998565279770443,46,0,0.0,0.0,0.0,0.0,TRD_B_20
-34.0,48,0.003443328550932568,48,0,0.0,0.0,0.0,0.0,TRD_B_20
-94.0,56,0.0040172166427546625,55,1,0.017857142857142856,0.5623298663665377,0.0009847375647434172,0.00012149559523816648,TRD_B_20
-63.0,32,0.0022955523672883787,32,0,0.0,0.0,0.0,0.0,TRD_B_20
-49.0,41,0.0029411764705882353,40,1,0.024390243902439025,0.24387613524800278,0.00015627664578521917,1.9486314629212314e-05,TRD_B_20
-45.0,38,0.00272596843615495,38,0,0.0,0.0,0.0,0.0,TRD_B_20
-4.0,30,0.002152080344332855,30,0,0.0,0.0,0.0,0.0,TRD_B_20
-10.0,22,0.0015781922525107603,21,1,0.045454545454545456,-0.40048088114251046,0.00030663475670912377,3.807523745542009e-05,TRD_B_20
-61.0,40,0.0028694404591104736,39,1,0.025,0.21855832726371283,0.00012387418956585493,1.545352841499293e-05,TRD_B_20
-2.0,32,0.0022955523672883787,32,0,0.0,0.0,0.0,0.0,TRD_B_20
-17.0,29,0.0020803443328550933,29,0,0.0,0.0,0.0,0.0,TRD_B_20
-16.0,36,0.002582496413199426,36,0,0.0,0.0,0.0,0.0,TRD_B_20
-48.0,42,0.0030129124820659973,42,0,0.0,0.0,0.0,0.0,TRD_B_20
-64.0,36,0.002582496413199426,36,0,0.0,0.0,0.0,0.0,TRD_B_20
-93.0,32,0.0022955523672883787,32,0,0.0,0.0,0.0,0.0,TRD_B_20
-5.0,31,0.002223816355810617,31,0,0.0,0.0,0.0,0.0,TRD_B_20
-26.0,41,0.0029411764705882353,40,1,0.024390243902439025,0.24387613524800278,0.00015627664578521917,1.9486314629212314e-05,TRD_B_20
-3.0,46,0.0032998565279770443,46,0,0.0,0.0,0.0,0.0,TRD_B_20
-11.0,41,0.0029411764705882353,40,1,0.024390243902439025,0.24387613524800278,0.00015627664578521917,1.9486314629212314e-05,TRD_B_20
-42.0,40,0.0028694404591104736,40,0,0.0,0.0,0.0,0.0,TRD_B_20
-36.0,54,0.0038737446197991392,53,1,0.018518518518518517,0.5252885946861885,0.0008421031579704585,0.00010406914041111902,TRD_B_20
-32.0,50,0.003586800573888092,49,1,0.02,0.446816979244693,0.0005840013527206173,7.239891059833057e-05,TRD_B_20
-68.0,27,0.0019368723098995696,25,2,0.07407407407407407,-0.9192746745576779,0.0025645493944726656,0.0003097374654199796,TRD_B_20
-88.0,31,0.002223816355810617,31,0,0.0,0.0,0.0,0.0,TRD_B_20
-81.0,39,0.0027977044476327115,39,0,0.0,0.0,0.0,0.0,TRD_B_20
-80.0,38,0.00272596843615495,38,0,0.0,0.0,0.0,0.0,TRD_B_20
-50.0,37,0.002654232424677188,37,0,0.0,0.0,0.0,0.0,TRD_B_20
-92.0,33,0.002367288378766141,33,0,0.0,0.0,0.0,0.0,TRD_B_20
-71.0,37,0.002654232424677188,37,0,0.0,0.0,0.0,0.0,TRD_B_20
-44.0,32,0.0022955523672883787,32,0,0.0,0.0,0.0,0.0,TRD_B_20
-84.0,38,0.00272596843615495,37,1,0.02631578947368421,0.16591459377829088,6.947328224965662e-05,8.674213364549802e-06,TRD_B_20
-46.0,38,0.00272596843615495,38,0,0.0,0.0,0.0,0.0,TRD_B_20
-31.0,37,0.002654232424677188,37,0,0.0,0.0,0.0,0.0,TRD_B_20
-18.0,30,0.002152080344332855,29,1,0.03333333333333333,-0.07770748887945933,1.3479810188971555e-05,1.6845524577686254e-06,TRD_B_20
-75.0,39,0.0027977044476327115,37,2,0.05128205128205128,-0.5272325867816545,0.0010025097933782211,0.0001238821854604163,TRD_B_20
-85.0,25,0.001793400286944046,25,0,0.0,0.0,0.0,0.0,TRD_B_20
-25.0,30,0.002152080344332855,30,0,0.0,0.0,0.0,0.0,TRD_B_20
-56.0,29,0.0020803443328550933,28,1,0.034482758620689655,-0.11279880869072967,2.791695341772515e-05,3.4877703359299485e-06,TRD_B_20
-19.0,37,0.002654232424677188,37,0,0.0,0.0,0.0,0.0,TRD_B_20
-43.0,22,0.0015781922525107603,22,0,0.0,0.0,0.0,0.0,TRD_B_20
-77.0,31,0.002223816355810617,31,0,0.0,0.0,0.0,0.0,TRD_B_20
-28.0,34,0.0024390243902439024,34,0,0.0,0.0,0.0,0.0,TRD_B_20
-89.0,32,0.0022955523672883787,32,0,0.0,0.0,0.0,0.0,TRD_B_20
-98.0,40,0.0028694404591104736,40,0,0.0,0.0,0.0,0.0,TRD_B_20
-20.0,41,0.0029411764705882353,39,2,0.04878048780487805,-0.47458885329623257,0.0008321474097274046,0.00010305309943601783,TRD_B_20
-72.0,24,0.001721664275466284,24,0,0.0,0.0,0.0,0.0,TRD_B_20
-83.0,37,0.002654232424677188,36,1,0.02702702702702703,0.13851561959017644,4.7746951635660335e-05,5.963602169986303e-06,TRD_B_20
-52.0,39,0.0027977044476327115,39,0,0.0,0.0,0.0,0.0,TRD_B_20
-8.0,44,0.0031563845050215206,42,2,0.045454545454545456,-0.40048088114251046,0.0006132695134182475,7.615047491084018e-05,TRD_B_20
-51.0,33,0.002367288378766141,33,0,0.0,0.0,0.0,0.0,TRD_B_20
-21.0,41,0.0029411764705882353,41,0,0.0,0.0,0.0,0.0,TRD_B_20
-14.0,33,0.002367288378766141,33,0,0.0,0.0,0.0,0.0,TRD_B_20
-40.0,37,0.002654232424677188,36,1,0.02702702702702703,0.13851561959017644,4.7746951635660335e-05,5.963602169986303e-06,TRD_B_20
-74.0,30,0.002152080344332855,30,0,0.0,0.0,0.0,0.0,TRD_B_20
"(-1.0, 88.50)",3974,0.28507890961262555,3933,41,0.01031706089582285,1.1185823868615685,0.21925515727081868,0.02606185711691926,SP_B2_18
"[88.50, 226.50)",3335,0.2392395982783357,3285,50,0.014992503748125937,0.7400956066246316,0.09411199197283063,0.011502658332550937,SP_B2_18
"[226.50, 9998.50)",5889,0.42245337159253943,5638,251,0.04262183732382408,-0.3331715863236595,0.05497837393952401,0.006840686794859038,SP_B2_18
"[9998.50, inf)",701,0.050286944045911046,612,89,0.12696148359486448,-1.5169074060857473,0.2445154447909094,0.027934528764266064,SP_B2_18
-1.0,41,0.0029411764705882353,41,0,0.0,0.0,0.0,0.0,SP_B2_18
"(-1.0, 1710.00)",758,0.05437589670014347,738,20,0.026385224274406333,0.16320823218054814,0.0013426381046276602,0.00016764374125924483,SPA_F2_33
"[1710.00, 6425.00)",1998,0.14332855093256816,1976,22,0.011011011011011011,1.052784106083564,0.10025533718964028,0.011983459052992286,SPA_F2_33
"[6425.00, inf)",2190,0.15710186513629842,2180,10,0.0045662100456621,1.9394917439231554,0.267983536123076,0.02907159819804272,SPA_F2_33
-2.0,8953,0.6422525107604017,8574,379,0.042332179157824196,-0.3260498767904374,0.07977213306380149,0.009927581031624111,SPA_F2_33
-1.0,41,0.0029411764705882353,41,0,0.0,0.0,0.0,0.0,SPA_F2_33
"(-1.0, 2.50)",1636,0.11736011477761836,1556,80,0.0488997555012225,-0.477156248801478,0.03360724939642462,0.0041615021267009476,VM01_SP_VM2_14
"[2.50, 4.50)",1012,0.07259684361549498,967,45,0.044466403162055336,-0.3774673131829589,0.01239090973535604,0.001539733539212709,VM01_SP_VM2_14
"[4.50, 7.50)",1128,0.08091822094691535,1083,45,0.0398936170212766,-0.26417556163526257,0.006403503682035791,0.0007981184874601716,VM01_SP_VM2_14
"[7.50, 12.50)",1119,0.0802725968436155,1090,29,0.025915996425379804,0.18163382637078174,0.002434177822825643,0.00030385465830093253,VM01_SP_VM2_14
"[12.50, 28.50)",3311,0.23751793400286944,3261,50,0.015101177891875567,0.7327628514952398,0.09187772298375566,0.011234478678541049,VM01_SP_VM2_14
"[28.50, 89.50)",2909,0.20868005738880918,2873,36,0.012375386730835339,0.9345898016572463,0.12069886224657446,0.01456117987525304,VM01_SP_VM2_14
"[89.50, inf)",1078,0.07733142037302726,1072,6,0.0055658627087198514,1.7405185535367584,0.11388803056093175,0.012673653622452463,VM01_SP_VM2_14
-2.0,1706,0.12238163558106169,1566,140,0.08206330597889801,-1.0303658649244896,0.2152467963060744,0.025775448808340234,VM01_SP_VM2_14
-1.0,41,0.0029411764705882353,41,0,0.0,0.0,0.0,0.0,VM01_SP_VM2_14
"(-1.0, 0.50)",5765,0.413558106169297,5560,205,0.03555941023417172,-0.1446599107597133,0.009266998389268685,0.0011573658243615031,VM01_SP_VM2_24
"[0.50, 1.50)",2668,0.1913916786226686,2618,50,0.018740629685157422,0.5131396221757658,0.03991582135075398,0.004935447080319729,VM01_SP_VM2_24
"[1.50, 3.50)",2355,0.16893830703012913,2328,27,0.011464968152866241,1.0119246239810655,0.11099249344467414,0.013310845610909141,VM01_SP_VM2_24
"[3.50, inf)",1405,0.10078909612625538,1396,9,0.006405693950177936,1.5991383871201652,0.13185990536934397,0.01492401042198639,VM01_SP_VM2_24
-2.0,1706,0.12238163558106169,1566,140,0.08206330597889801,-1.0303658649244896,0.2152467963060744,0.025775448808340234,VM01_SP_VM2_24
-1.0,41,0.0029411764705882353,41,0,0.0,0.0,0.0,0.0,VM01_SP_VM2_24
"(-1.0, 37.50)",1283,0.09203730272596844,1174,109,0.08495713172252534,-1.0681792007070356,0.17731262618832278,0.0211670246218561,SP_G_38
"[37.50, 48.50)",1480,0.10616929698708752,1400,80,0.05405405405405406,-0.5828024379364649,0.0477782809528259,0.00588917251088579,SP_G_38
"[48.50, 57.50)",1762,0.12639885222381636,1689,73,0.041430192962542564,-0.3035708432065247,0.013462089048864439,0.001676329287657357,SP_G_38
"[57.50, 63.50)",1284,0.09210903873744619,1237,47,0.03660436137071651,-0.17470654818350395,0.003053894919572276,0.00038125212476723246,SP_G_38
"[63.50, 74.50)",2214,0.1588235294117647,2159,55,0.024841915085817526,0.22506392641640272,0.007249122459491839,0.0009042326620540969,SP_G_38
"[74.50, 89.50)",2235,0.1603299856527977,2197,38,0.017002237136465325,0.6122585937922906,0.04559199894365423,0.00561162170270795,SP_G_38
"[89.50, 116.50)",2248,0.1612625538020086,2226,22,0.009786476868327402,1.1719157596112408,0.13328778345426168,0.015768568152441972,SP_G_38
"[116.50, inf)",1380,0.09899569583931134,1373,7,0.005072463768115942,1.833839937846724,0.15660011433425944,0.017223723072679945,SP_G_38
-1.0,41,0.0029411764705882353,41,0,0.0,0.0,0.0,0.0,SP_G_38
-2.0,13,0.0009325681492109039,13,0,0.0,0.0,0.0,0.0,SP_G_38
"(-1.0, 0.50)",5122,0.3674318507890961,4946,176,0.03436157750878563,-0.10915286582272365,0.004609130612322424,0.0005758554823017594,TRD_O_05
"[0.50, 1.50)",2621,0.18802008608321377,2581,40,0.015261350629530714,0.7220494267387441,0.07094163684901399,0.008679955659383076,TRD_O_05
"[1.50, inf)",743,0.053299856527977044,737,6,0.008075370121130552,1.3658251040953484,0.05550045073555512,0.006444074446642496,TRD_O_05
-2.0,1752,0.12568149210903873,1609,143,0.08162100456621005,-1.0244798021334574,0.217887144553846,0.026104016513353263,TRD_O_05
-3.0,3661,0.2626255380200861,3595,66,0.018027861240098333,0.5526412092627884,0.062441069561898065,0.0077073017303275725,TRD_O_05
-1.0,41,0.0029411764705882353,41,0,0.0,0.0,0.0,0.0,TRD_O_05
"(-1.0, 0.50)",10153,0.728335724533716,9983,170,0.01674381956072097,0.6278371694202303,0.21632585968247828,0.026605184011652086,E1_A_09
"[0.50, 2.50)",1713,0.12288378766140602,1613,100,0.05837711617046118,-0.6643224267288161,0.07481378698274442,0.00918346624095117,E1_A_09
"[2.50, inf)",2033,0.14583931133428982,1872,161,0.07919331037875062,-0.9916450268128592,0.2330123853407908,0.027988890779970715,E1_A_09
-1.0,41,0.0029411764705882353,41,0,0.0,0.0,0.0,0.0,E1_A_09
"(-1.0, 9.50)",3169,0.22733142037302725,3092,77,0.024297885768381194,0.2477646689876951,0.012445257742148422,0.0015516903224321952,TRD_O_07
"[9.50, inf)",5234,0.37546628407460547,5182,52,0.009935040122277417,1.1566993236746947,0.3041500030079701,0.03603163842665969,TRD_O_07
-3.0,5483,0.39332855093256813,5181,302,0.05507933612985592,-0.6026769694260148,0.19115344057434394,0.023539004244649706,TRD_O_07
-1.0,41,0.0029411764705882353,41,0,0.0,0.0,0.0,0.0,TRD_O_07
-2.0,13,0.0009325681492109039,13,0,0.0,0.0,0.0,0.0,TRD_O_07
-4.0,0,0.0,0,0,0.0,0.0,0.0,0.0,TRD_O_07
-10.0,0,0.0,0,0,0.0,0.0,0.0,0.0,TRD_O_07
-13.0,0,0.0,0,0,0.0,0.0,0.0,0.0,TRD_O_07
-8.0,0,0.0,0,0,0.0,0.0,0.0,0.0,TRD_O_07
-11.0,0,0.0,0,0,0.0,0.0,0.0,0.0,TRD_O_07
-9.0,0,0.0,0,0,0.0,0.0,0.0,0.0,TRD_O_07
"(-1.0, 0.50)",882,0.06327116212338595,823,59,0.06689342403628118,-0.809584562094583,0.06150300836420164,0.007484571992718703,ND_INC_03
"[0.50, 1.50)",956,0.06857962697274031,896,60,0.06276150627615062,-0.7414074681131035,0.054037471418186475,0.0066041084056201824,ND_INC_03
"[1.50, 2.50)",1059,0.07596843615494979,999,60,0.056657223796033995,-0.6325931024394809,0.04128330253441624,0.005076054087315372,ND_INC_03
"[2.50, 4.50)",1922,0.13787661406025825,1848,74,0.03850156087408949,-0.2272091598684738,0.007928701083140888,0.000988961293299409,ND_INC_03
"[4.50, 5.50)",849,0.0609038737446198,821,28,0.03297997644287397,-0.06668471958870903,0.0002794688979683546,3.492714099330072e-05,ND_INC_03
"[5.50, 7.50)",1547,0.11097560975609756,1499,48,0.031027795733678087,-0.0036508316712269284,1.4816821850841913e-06,1.852101702715797e-07,ND_INC_03
"[7.50, 8.50)",778,0.05581061692969871,759,19,0.02442159383033419,0.24255947936325617,0.002935270238673278,0.00036601195439273614,ND_INC_03
"[8.50, inf)",5906,0.4236728837876614,5823,83,0.014053504910260752,0.8057269451745883,0.19214215849891947,0.02338847498717255,ND_INC_03
-1.0,41,0.0029411764705882353,41,0,0.0,0.0,0.0,0.0,ND_INC_03
"(-1.0, 299.50)",3867,0.277403156384505,3716,151,0.03904835790018102,-0.24188005574712879,0.018206832442873272,0.0022703222745412283,VM01_SP_VM2_17
"[299.50, 817.00)",1651,0.1184361549497848,1594,57,0.034524530587522716,-0.11405272735032312,0.0016258409693614066,0.0002031200418284784,VM01_SP_VM2_17
"[817.00, 1451.00)",1448,0.10387374461979913,1423,25,0.017265193370165747,0.5966434543557178,0.028240651510144505,0.003478635565848794,VM01_SP_VM2_17
"[1451.00, 3026.50)",2380,0.17073170731707318,2343,37,0.015546218487394958,0.7032662069976379,0.061601239900184325,0.007545295992858116,VM01_SP_VM2_17
"[3026.50, 3833.50)",746,0.05351506456241033,737,9,0.012064343163538873,0.9603599959871838,0.03233969189797215,0.0038939424058021073,VM01_SP_VM2_17
"[3833.50, inf)",2101,0.15071736011477763,2089,12,0.005711565920990005,1.7145307929026323,0.21739465472638606,0.024269275318607363,VM01_SP_VM2_17
-2.0,1706,0.12238163558106169,1566,140,0.08206330597889801,-1.0303658649244896,0.2152467963060744,0.025775448808340234,VM01_SP_VM2_17
-1.0,41,0.0029411764705882353,41,0,0.0,0.0,0.0,0.0,VM01_SP_VM2_17
"(-1.0, 0.50)",5194,0.372596843615495,4991,203,0.03908355795148248,-0.24281772843811167,0.024655780387876185,0.003074423362073895,SP_B1_14
"[0.50, 1.50)",4327,0.3104017216642755,4239,88,0.020337416223711578,0.4297425380084974,0.047106001409418556,0.005843354714730818,SP_B1_14
"[1.50, inf)",3677,0.2637733142037303,3626,51,0.013870002719608376,0.8190564397245375,0.12292741724370185,0.014950324008429723,SP_B1_14
-2.0,701,0.050286944045911046,612,89,0.12696148359486448,-1.5169074060857473,0.2445154447909094,0.027934528764266064,SP_B1_14
-1.0,41,0.0029411764705882353,41,0,0.0,0.0,0.0,0.0,SP_B1_14
"(-1.0, 405.50)",704,0.05050215208034433,646,58,0.08238636363636363,-1.0346468256297507,0.0897564334163552,0.010744457927940421,GEN11_SP_N_91
"[405.50, 815.50)",886,0.06355810616929698,830,56,0.06320541760722348,-0.748929308810439,0.05129407346920804,0.006265992488178182,GEN11_SP_N_91
"[815.50, 1517.50)",1916,0.13744619799139168,1819,97,0.050626304801670144,-0.5136721188511939,0.046439571283382095,0.005741956350785178,GEN11_SP_N_91
"[1517.50, 1849.50)",1656,0.1187948350071736,1598,58,0.035024154589371984,-0.12893820308613302,0.002099018054529945,0.0002621956561927952,GEN11_SP_N_91
"[1849.50, 2510.50)",2848,0.20430416068866572,2766,82,0.028792134831460675,0.07343494609451673,0.0010645986683357404,0.00013304494028963318,GEN11_SP_N_91
"[2510.50, 3393.00)",2986,0.21420373027259684,2934,52,0.017414601473543203,0.5878749212555663,0.05675279176928474,0.006993678029575071,GEN11_SP_N_91
"[3393.00, 3676.50)",715,0.051291248206599714,703,12,0.016783216783216783,0.6254469231567308,0.015134035377795927,0.0018615108365425898,GEN11_SP_N_91
"[3676.50, inf)",2188,0.1569583931133429,2172,16,0.007312614259597806,1.465811639948111,0.18126040764831022,0.020824740950144298,GEN11_SP_N_91
-1.0,41,0.0029411764705882353,41,0,0.0,0.0,0.0,0.0,GEN11_SP_N_91
"(-1.0, 374.50)",743,0.053299856527977044,692,51,0.06864064602960969,-0.8372429959725896,0.05618265304052906,0.006824643288442515,GEN11_SP_EDI_07
"[374.50, 450.50)",886,0.06355810616929698,828,58,0.0654627539503386,-0.786433175027093,0.05762848139188627,0.007023482268993086,GEN11_SP_EDI_07
"[450.50, 512.00)",854,0.06126255380200861,809,45,0.05269320843091335,-0.5558668915777614,0.024748500713563444,0.003054339832923046,GEN11_SP_EDI_07
"[512.00, 677.50)",2242,0.16083213773314203,2152,90,0.04014272970561998,-0.2706600679145237,0.013401868250009372,0.00167013875572237,GEN11_SP_EDI_07
"[677.50, 811.50)",2071,0.14856527977044476,2010,61,0.0294543698696282,0.0500128180138768,0.00036301170055821484,4.537173402249751e-05,GEN11_SP_EDI_07
"[811.50, 862.50)",922,0.06614060258249642,896,26,0.028199566160520606,0.09484055608751474,0.0005691691851062857,7.111949593812772e-05,GEN11_SP_EDI_07
"[862.50, 974.50)",1949,0.1398134863701578,1904,45,0.023088763468445357,0.3000464067150572,0.010962112152098013,0.0013651469655933113,GEN11_SP_EDI_07
"[974.50, 1027.50)",773,0.0554519368723099,758,15,0.019404915912031046,0.47762986567422816,0.010177316527340757,0.0012602083657922893,GEN11_SP_EDI_07
"[1027.50, 1164.50)",1346,0.09655667144906743,1327,19,0.01411589895988113,0.8012337362998334,0.04338462939432547,0.005282518815084188,GEN11_SP_EDI_07
"[1164.50, inf)",2113,0.15157819225251076,2092,21,0.009938476100331283,1.156350068595457,0.12273016879173518,0.014539888605294215,GEN11_SP_EDI_07
-1.0,41,0.0029411764705882353,41,0,0.0,0.0,0.0,0.0,GEN11_SP_EDI_07
"(-1.0, 6.50)",1958,0.1404591104734577,1811,147,0.07507660878447395,-0.9338014477612564,0.1933048461051029,0.023321769394966226,ND_ECC_06
"[6.50, 12.50)",741,0.05315638450502152,705,36,0.048582995951417005,-0.4703244545097749,0.014739616381885152,0.0018256560146019864,ND_ECC_06
"[12.50, 31.50)",1632,0.11707317073170732,1555,77,0.04718137254901961,-0.4395779161062827,0.027933350615672977,0.0034638255343957033,ND_ECC_06
"[31.50, 53.50)",1135,0.08142037302725968,1103,32,0.028193832599118944,0.09504979758784238,0.0007036851302575717,8.792754468018118e-05,ND_ECC_06
"[53.50, 84.50)",1130,0.08106169296987087,1103,27,0.023893805309734513,0.2649488343832398,0.0050351563380716885,0.0006275600559401085,ND_ECC_06
"[84.50, 163.50)",1809,0.12977044476327115,1771,38,0.021006080707573246,0.3967101591905142,0.017031058040210316,0.0021150311359675305,ND_ECC_06
"[163.50, 211.50)",851,0.061047345767575326,837,14,0.01645123384253819,0.6457634220082831,0.019034584359500405,0.0023388244753843367,ND_ECC_06
"[211.50, 399.50)",2119,0.15200860832137733,2085,34,0.01604530438886267,0.671160290750807,0.050642560261924076,0.006214119322032788,ND_ECC_06
"[399.50, 646.50)",1436,0.103012912482066,1416,20,0.013927576601671309,0.8148556818337402,0.04760003687196669,0.0057906683188300445,ND_ECC_06
"[646.50, inf)",1088,0.07804878048780488,1082,6,0.0055147058823529415,1.7498036713124385,0.11579087464292975,0.012870635553553776,ND_ECC_06
-1.0,41,0.0029411764705882353,41,0,0.0,0.0,0.0,0.0,ND_ECC_06
"(-999994.0, -14.50)",4276,0.30674318507890963,4220,56,0.013096351730589336,0.8772353974289748,0.1600550562674052,0.019389085870721495,TRD_B_18
"[-14.50, -1.50)",1074,0.07704447632711621,1058,16,0.0148975791433892,0.7465435713125297,0.030754003089389335,0.0037573950454996598,TRD_B_18
"[-1.50, inf)",6286,0.4509325681492109,6124,162,0.025771555838370982,0.18737110267925683,0.014513267534268603,0.0018115092853636904,TRD_B_18
-999999,41,0.0029411764705882353,41,0,0.0,0.0,0.0,0.0,TRD_B_18
-999998,856,0.061406025824964135,774,82,0.09579439252336448,-1.2001506925404595,0.15957213670323447,0.01882949991306506,TRD_B_18
-999997,398,0.02855093256814921,338,60,0.1507537688442211,-1.7163019856050152,0.19598586260930828,0.021874534411885617,TRD_B_18
-999996,1009,0.0723816355810617,954,55,0.05450941526263627,-0.5916728326501177,0.03371980267907582,0.004154549858273052,TRD_B_18
-999995,0,0.0,0,0,0.0,0.0,0.0,0.0,TRD_B_18
-999994,0,0.0,0,0,0.0,0.0,0.0,0.0,TRD_B_18
"(-999994.0, -14.50)",4660,0.33428981348637016,4584,76,0.01630901287553648,0.6545905992423107,0.10669514480128106,0.013103767380556436,TRD_B_08
"[-14.50, 743.50)",5694,0.4084648493543759,5544,150,0.026343519494204427,0.16483292790755,0.01027984330532624,0.0012835276872545567,TRD_B_08
"[743.50, inf)",1230,0.08823529411764706,1182,48,0.03902439024390244,-0.24124113180778073,0.005758832413685789,0.000718113550682322,TRD_B_08
-999999,41,0.0029411764705882353,41,0,0.0,0.0,0.0,0.0,TRD_B_08
-999998,568,0.040746054519368725,512,56,0.09859154929577464,-1.232030384561575,0.11338343055654704,0.013339498267218216,TRD_B_08
-999997,18,0.001291248206599713,18,0,0.0,0.0,0.0,0.0,TRD_B_08
-999996,1729,0.12403156384505022,1628,101,0.05841526894158473,-0.6650162891447073,0.0756964739815207,0.009291468806165808,TRD_B_08
-999995,0,0.0,0,0,0.0,0.0,0.0,0.0,TRD_B_08
-999994,0,0.0,0,0,0.0,0.0,0.0,0.0,TRD_B_08
"(nan, 27.50)",836,0.0599713055954089,784,52,0.06220095693779904,-0.731838017096953,0.04582350184777279,0.005603440230104669,EA5_S_01
"[27.50, 33.50)",1903,0.13651362984218077,1795,108,0.05675249605885444,-0.6343742450677738,0.07466944323781778,0.009180256587584004,EA5_S_01
"[33.50, 38.50)",2102,0.15078909612625538,2019,83,0.03948620361560418,-0.2534863083496939,0.010930199769142042,0.001362628748767242,EA5_S_01
"[38.50, 41.50)",1317,0.09447632711621234,1273,44,0.033409263477600606,-0.08006135422678806,0.0006288573644645422,7.858618320715112e-05,EA5_S_01
"[41.50, 43.50)",793,0.056886657101865135,771,22,0.027742749054224466,0.1116426013390801,0.0006730908851529133,8.409269279332186e-05,EA5_S_01
"[43.50, 51.50)",2977,0.213558106169297,2910,67,0.022505878401074906,0.32621242190863864,0.019559537428817164,0.0024341588070437483,EA5_S_01
"[51.50, 54.50)",1131,0.08113342898134863,1109,22,0.019451812555260833,0.47516821512611784,0.014753657413698882,0.0018270509536753039,EA5_S_01
"[54.50, inf)",2881,0.20667144906743184,2848,33,0.011454356126345018,1.0128613921994525,0.13598301218965347,0.016306633339774328,EA5_S_01
Special,0,0.0,0,0,0.0,0.0,0.0,0.0,EA5_S_01
"(-1.0, inf)",1110,0.07962697274031563,1072,38,0.03423423423423423,-0.10530813696157182,0.000928033112838972,0.0001159505661788426,CLU_CLI_L6M_NPR_L6M
-99999.0,6335,0.45444763271162125,6134,201,0.03172849250197317,-0.026705882250812607,0.0003282059454489101,4.102452406911294e-05,CLU_CLI_L6M_NPR_L6M
-2.0,1752,0.12568149210903873,1609,143,0.08162100456621005,-1.0244798021334574,0.217887144553846,0.026104016513353263,CLU_CLI_L6M_NPR_L6M
-99998.0,4702,0.33730272596843613,4653,49,0.010421097405359422,1.1084438348680887,0.25577113908815385,0.030429032272920445,CLU_CLI_L6M_NPR_L6M
-1.0,41,0.0029411764705882353,41,0,0.0,0.0,0.0,0.0,CLU_CLI_L6M_NPR_L6M
"(-1.0, 1.50)",3316,0.23787661406025826,3132,184,0.05548854041013269,-0.6105120193642253,0.11909179618179958,0.014659508838505232,E1_B_06
"[1.50, 6.50)",1623,0.11642754662840746,1556,67,0.041281577325939615,-0.2998222335185625,0.01207383092484994,0.001503601248839994,E1_B_06
"[6.50, 20.50)",2324,0.1667144906743185,2258,66,0.028399311531841654,0.08757668381724848,0.0012274377374304774,0.0001533807044676234,E1_B_06
"[20.50, 33.50)",1251,0.08974175035868005,1220,31,0.02478017585931255,0.22761561437622246,0.004184578671097371,0.0005219460930854297,E1_B_06
"[33.50, 46.50)",938,0.0672883787661406,919,19,0.02025586353944563,0.43384382432331314,0.01038847493430223,0.0012884702756415867,E1_B_06
"[46.50, 103.50)",2288,0.16413199426111907,2245,43,0.018793706293706292,0.5102573656168587,0.03389003109261082,0.004190887188603103,E1_B_06
"[103.50, 154.50)",965,0.06922525107604018,954,11,0.011398963730569948,1.0177650797839828,0.045898706666858885,0.005501867351615657,E1_B_06
"[154.50, inf)",1194,0.08565279770444763,1184,10,0.008375209380234505,1.3290654035839715,0.08564951651899619,0.009981829897557422,E1_B_06
-1.0,41,0.0029411764705882353,41,0,0.0,0.0,0.0,0.0,E1_B_06
['T' 'A'],823,0.05903873744619799,820,3,0.0036452004860267314,2.1656887327242558,0.11638349970833067,0.012239653383395367,SP_I_67_01
['R'],1788,0.12826398852223816,1781,7,0.0039149888143176735,2.0940168153684144,0.24206150605278032,0.025714124114202205,SP_I_67_01
['X'],2335,0.1675035868005739,2256,79,0.033832976445396144,-0.09310255871500539,0.0015170955477281948,0.00018956848191089854,SP_I_67_01
['G'],8994,0.6451936872309899,8652,342,0.03802535023348899,-0.21426826885558903,0.03279195140956553,0.004091170695855975,SP_I_67_01
Special,0,0.0,0,0,0.0,0.0,0.0,0.0,SP_I_67_01
"['I5' 'S2' 'S3' 'U6' 'I4' 'I3' 'I1' 'S4' 'S5' 'G3' 'G2' 'S1' 'S6' 'J2' 'T'
 'F4' 'F3' 'F2' 'U1' 'U2' 'U3' 'U4' 'U5' 'F6' 5.0 'G1']",718,0.051506456241033,716,2,0.002785515320334262,2.435529667534767,0.11778545723751487,0.011907427063748945,GEN11_SP_K_80
['G4' 'G5' 4.0 1.0],1901,0.13637015781922526,1874,27,0.014203051025775907,0.7949902779281048,0.06048073108922178,0.007367091749694644,GEN11_SP_K_80
[3.0 'J3' 2.0 6.0 'J1' 'F1'],1130,0.08106169296987087,1108,22,0.019469026548672566,0.4742660950829798,0.014690539768746654,0.001819298727418127,GEN11_SP_K_80
['G6' 'J5' 'G'],3394,0.24347202295552367,3281,113,0.033294048320565706,-0.07648760461717252,0.001476658541911801,0.00018453733623663426,GEN11_SP_K_80
['XX'],2335,0.1675035868005739,2256,79,0.033832976445396144,-0.09310255871500539,0.0015170955477281948,0.00018956848191089854,GEN11_SP_K_80
['F'],1225,0.08787661406025825,1177,48,0.03918367346938775,-0.24548022251354773,0.005950884682476814,0.000741998468038651,GEN11_SP_K_80
['J' 'I'],2029,0.14555236728837875,1945,84,0.041399704287826515,-0.30280286165670045,0.01541796560643117,0.001919916443395375,GEN11_SP_K_80
['S' 'J4' 'U' 'J6' 'F5' 'I6'],1208,0.0866571018651363,1152,56,0.046357615894039736,-0.4211001683452462,0.018803769896878448,0.002333257177137192,GEN11_SP_K_80
Special,0,0.0,0,0,0.0,0.0,0.0,0.0,GEN11_SP_K_80
"(-1.0, 0.50)",2540,0.18220946915351507,2391,149,0.05866141732283465,-0.6694826573530679,0.11295145918379165,0.013861027996557758,SP_I_63_01
"[0.50, 2.50)",1845,0.1323529411764706,1774,71,0.03848238482384824,-0.2266910330377243,0.0075744995340090455,0.0009447903207572446,SP_I_63_01
"[2.50, 10.50)",3918,0.2810616929698709,3814,104,0.026544155181214904,0.15703956815305853,0.006443489637591312,0.0008046095903282442,SP_I_63_01
"[10.50, 19.50)",2713,0.19461979913916785,2652,61,0.02248433468485072,0.32719216826650843,0.017924321925245713,0.0022305992487833166,SP_I_63_01
"[19.50, 30.50)",1805,0.12948350071736012,1775,30,0.01662049861495845,0.6353550013814271,0.039257516304241846,0.0048262821695960155,SP_I_63_01
"[30.50, inf)",1078,0.07733142037302726,1062,16,0.014842300556586271,0.7503171606961692,0.031131624898801544,0.0038026645081854667,SP_I_63_01
-1.0,41,0.0029411764705882353,41,0,0.0,0.0,0.0,0.0,SP_I_63_01
"(-1.0, 38.50)",1105,0.07926829268292683,1089,16,0.014479638009049774,0.7754230818272454,0.033723114841010184,0.004112855887339284,SP_B2_20
"[38.50, 94.50)",5892,0.42266857962697274,5788,104,0.017651052274270197,0.5741478697440687,0.10745510391493811,0.013250385912912867,SP_B2_20
"[94.50, 260.50)",2192,0.15724533715925396,2140,52,0.023722627737226276,0.2723140705685365,0.010283466487503678,0.001281476260204235,SP_B2_20
"[260.50, inf)",4710,0.33787661406025826,4451,259,0.05498938428874735,-0.6009473115496169,0.16312355800585843,0.02008905681609121,SP_B2_20
-1.0,41,0.0029411764705882353,41,0,0.0,0.0,0.0,0.0,SP_B2_20
"(-1.0, 0.50)",4505,0.3231707317073171,4293,212,0.047058823529411764,-0.43684852531338514,0.07605148796922707,0.00943155930035229,E4_Q_04
"[0.50, 1.50)",1016,0.07288378766140603,978,38,0.03740157480314961,-0.19707980855750185,0.00310812063951592,0.0003878875442551522,E4_Q_04
"[1.50, 5.50)",3438,0.2466284074605452,3343,95,0.027632344386271088,0.11574367595362434,0.003130521493331992,0.000391096904019601,E4_Q_04
"[5.50, 12.50)",2446,0.17546628407460546,2391,55,0.022485690923957483,0.32713046335992013,0.016154653211002654,0.0020103754949054725,E4_Q_04
"[12.50, 17.50)",1125,0.08070301291248207,1104,21,0.018666666666666668,0.5171694702476839,0.017066281010913027,0.0021098245129667252,E4_Q_04
"[17.50, inf)",1369,0.09820659971305595,1359,10,0.007304601899196494,1.466916002291165,0.11353598938792685,0.013042418059590952,E4_Q_04
-1.0,41,0.0029411764705882353,41,0,0.0,0.0,0.0,0.0,E4_Q_04
"(-1.0, 0.50)",756,0.054232424677187946,664,92,0.12169312169312169,-1.46850974643854,0.24128299409432993,0.027712522494660795,ND_ECC_04
"[0.50, 998.50)",1800,0.1291248206599713,1714,86,0.04777777777777778,-0.4527655159617163,0.03289684918698083,0.004077338593610209,ND_ECC_04
"[998.50, inf)",11343,0.8137015781922525,11090,253,0.022304504981045577,0.335406272750959,0.07846066080005303,0.009761867670283475,ND_ECC_04
-1.0,41,0.0029411764705882353,41,0,0.0,0.0,0.0,0.0,ND_ECC_04
"(-1.0, 19.50)",854,0.06126255380200861,784,70,0.08196721311475409,-1.0290895405648843,0.10741390591875502,0.012863964925681579,VM08_SP_VM2_15
"[19.50, 61.50)",1669,0.1197274031563845,1565,104,0.06231276213301378,-0.7337531150330525,0.0920497762230108,0.011254856374182245,VM08_SP_VM2_15
"[61.50, 98.50)",1573,0.11284074605451937,1508,65,0.04132231404958678,-0.30085104019366904,0.011788180356631393,0.0014679904676482558,VM08_SP_VM2_15
"[98.50, inf)",8890,0.6377331420373027,8720,170,0.019122609673790775,0.49257276098683,0.1236673078621193,0.015304008258671488,VM08_SP_VM2_15
-2.0,913,0.06549497847919655,891,22,0.024096385542168676,0.2562986552465598,0.00382191165234556,0.00047643564476317546,VM08_SP_VM2_15
-1.0,41,0.0029411764705882353,41,0,0.0,0.0,0.0,0.0,VM08_SP_VM2_15
"(-1.0, 41.50)",10486,0.7522238163558106,10291,195,0.01859622353614343,0.5210221284064116,0.1611793637846767,0.019922581835568637,VAL_DELINQ_ACCS
"[41.50, inf)",1367,0.09806312769010044,1235,132,0.09656181419166057,-1.208978992390227,0.25974184238400005,0.03062448255890604,VAL_DELINQ_ACCS
-2.0,2046,0.1467718794835007,1942,104,0.05083088954056696,-0.5179205691560358,0.05051967598177035,0.006245312089753603,VAL_DELINQ_ACCS
-1.0,41,0.0029411764705882353,41,0,0.0,0.0,0.0,0.0,VAL_DELINQ_ACCS
"(-1.0, 0.50)",10175,0.7299139167862266,9931,244,0.02398034398034398,0.26124491274422335,0.044154112100851524,0.005503622221332834,ND_ERL_01
"[0.50, inf)",3607,0.2587517934002869,3425,182,0.05045744385916274,-0.5101532552464034,0.08608280182536159,0.010645162389519736,ND_ERL_01
-1.0,41,0.0029411764705882353,41,0,0.0,0.0,0.0,0.0,ND_ERL_01
-3.0,115,0.00824964131994261,110,5,0.043478260869565216,-0.3539608655076174,0.0012240704404498373,0.00015221501663140256,ND_ERL_01
-4.0,1,7.173601147776183e-05,1,0,0.0,0.0,0.0,0.0,ND_ERL_01
-2.0,1,7.173601147776183e-05,1,0,0.0,0.0,0.0,0.0,ND_ERL_01
"(-1.0, 0.50)",5176,0.37130559540889524,4915,261,0.05042503863987635,-0.5094766936073598,0.12315932965292388,0.015230547313002163,VM08_SP_VM2_20
"[0.50, 500.50)",2538,0.18206599713055954,2478,60,0.02364066193853428,0.2758591811010538,0.012199080518725614,0.0015200683395121557,VM08_SP_VM2_20
"[500.50, 1055.00)",1539,0.11040172166427546,1507,32,0.02079272254710851,0.4071369769608353,0.015190003668298702,0.0018857441149832642,VM08_SP_VM2_20
"[1055.00, 3115.00)",2714,0.19469153515064563,2670,44,0.016212232866617538,0.6606407986101006,0.06312941216741406,0.007750733589252764,VM08_SP_VM2_20
"[3115.00, inf)",1019,0.07309899569583932,1007,12,0.011776251226692836,0.9848209240646284,0.04599179693412076,0.005527363028335581,VM08_SP_VM2_20
-2.0,913,0.06549497847919655,891,22,0.024096385542168676,0.2562986552465598,0.00382191165234556,0.00047643564476317546,VM08_SP_VM2_20
-1.0,41,0.0029411764705882353,41,0,0.0,0.0,0.0,0.0,VM08_SP_VM2_20
"(-1.0, 1.00)",12247,0.8785509325681492,11956,291,0.02376092104188781,0.2706619373664023,0.05680262698820234,0.00707873432322461,EA1_D_02
"[1.00, inf)",1652,0.11850789096126256,1512,140,0.0847457627118644,-1.0654571847357595,0.22683647710192528,0.0270851726951456,EA1_D_02
-1.0,41,0.0029411764705882353,41,0,0.0,0.0,0.0,0.0,EA1_D_02
"(-1.0, 0.50)",10278,0.7373027259684362,9895,383,0.037264059155477716,-0.19325345000991323,0.030177771535640878,0.0037663623497097357,ND_HAC_06
"[0.50, inf)",3621,0.2597560975609756,3573,48,0.013256006628003313,0.8649565282495857,0.13244338071892625,0.01605790585191955,ND_HAC_06
-1.0,41,0.0029411764705882353,41,0,0.0,0.0,0.0,0.0,ND_HAC_06
"(-1.0, 7303.00)",780,0.05595408895265423,715,65,0.08333333333333333,-1.0471080460675628,0.10249552933857888,0.012256946424884084,AFF_E_07_01
"[7303.00, 23280.50)",1713,0.12288378766140602,1621,92,0.053706946876824285,-0.5759933741792977,0.05383406789231131,0.006637751560311066,AFF_E_07_01
"[23280.50, inf)",779,0.05588235294117647,755,24,0.03080872913992298,0.003660600035145567,7.475386679204817e-07,9.344228131815085e-08,AFF_E_07_01
-4.0,8740,0.6269727403156384,8565,175,0.02002288329519451,0.44565011796877263,0.10160344982634543,0.012596365698614775,AFF_E_07_01
-3.0,1352,0.096987087517934,1291,61,0.045118343195266274,-0.39270479219260235,0.018050834225137494,0.002241966480421508,AFF_E_07_01
-1.0,41,0.0029411764705882353,41,0,0.0,0.0,0.0,0.0,AFF_E_07_01
-2.0,535,0.03837876614060258,521,14,0.026168224299065422,0.17168939327217503,0.0010446068104922037,0.00013041571161391042,AFF_E_07_01
"(-1.0, 9.50)",5490,0.3938307030129125,5377,113,0.02058287795992714,0.4174947392314041,0.05671664690496162,0.007038536813959304,TRD_O_06
"[9.50, 22.50)",1598,0.11463414634146342,1578,20,0.012515644555694618,0.9231779089858954,0.06499846637497488,0.007848050292999677,TRD_O_06
"[22.50, inf)",724,0.051936872309899566,716,8,0.011049723756906077,1.049235306414876,0.036135892318850525,0.004320562629437158,TRD_O_06
-3.0,6074,0.4357245337159254,5784,290,0.04774448468883767,-0.45203347800785254,0.11061025198096097,0.013709755197260337,TRD_O_06
-1.0,41,0.0029411764705882353,41,0,0.0,0.0,0.0,0.0,TRD_O_06
-2.0,13,0.0009325681492109039,13,0,0.0,0.0,0.0,0.0,TRD_O_06
"(-1.0, 0.50)",10211,0.7324964131994262,9826,385,0.03770443639212614,-0.2054594404251242,0.03408665008128337,0.004253352669845202,E2_G_08
"[0.50, inf)",3688,0.2645624103299857,3642,46,0.012472885032537961,0.9266435449325243,0.15092197775805627,0.018217998209932473,E2_G_08
-1.0,41,0.0029411764705882353,41,0,0.0,0.0,0.0,0.0,E2_G_08
"(-1.0, 17872.00)",1110,0.07962697274031563,1029,81,0.07297297297297298,-0.9031097377043227,0.10093478964806894,0.012204838331383815,AFF_T_07_01
"[17872.00, inf)",829,0.059469153515064564,783,46,0.05548854041013269,-0.6105120193642253,0.029772949045449894,0.003664877209626308,AFF_T_07_01
-4.0,10445,0.7492826398852224,10200,245,0.023456199138343705,0.28388146986170204,0.05297418762972833,0.006599627661504813,AFF_T_07_01
-1.0,41,0.0029411764705882353,41,0,0.0,0.0,0.0,0.0,AFF_T_07_01
-3.0,980,0.0703012912482066,935,45,0.04591836734693878,-0.4111192793475662,0.014469439849914148,0.0017960491025571998,AFF_T_07_01
-2.0,535,0.03837876614060258,521,14,0.026168224299065422,0.17168939327217503,0.0010446068104922037,0.00013041571161391042,AFF_T_07_01
"(-1.0, 14.50)",1015,0.07281205164992827,1000,15,0.014778325123152709,0.7547017590139937,0.029600867136479893,0.0036147233078741335,VM02_SP_VM1_18
"[14.50, inf)",1490,0.10688665710186514,1483,7,0.004697986577181208,1.9109088742166858,0.1787413842326563,0.019463622340008355,VM02_SP_VM1_18
-2.0,11394,0.8173601147776184,10985,409,0.03589608565911884,-0.15443249009002447,0.020971055054938476,0.0026187800521519852,VM02_SP_VM1_18
-1.0,41,0.0029411764705882353,41,0,0.0,0.0,0.0,0.0,VM02_SP_VM1_18
